{
  "timestamp": "20250915_014209",
  "config": {
    "model": {
      "teacher_dim": 256,
      "student_dim": 128,
      "hidden_dim": 64,
      "num_classes": 10
    },
    "training": {
      "total_epochs": 30,
      "warmup_epochs": 8,
      "learning_rate": 0.001,
      "batch_size": 32,
      "num_batches": 25
    },
    "distillation": {
      "initial_task_weight": 0.8,
      "final_task_weight": 0.6,
      "initial_distill_weight": 0.1,
      "final_distill_weight": 0.3,
      "adversarial_weight": 0.1,
      "relevance_threshold": 0.6,
      "quality_threshold": 0.7
    }
  },
  "training_history": {
    "total_loss": [
      1.9664000940322877,
      1.8805749654769897,
      1.8488251161575318,
      1.8463876724243165,
      1.8044735479354859,
      1.7876435708999634,
      1.7839192533493042,
      1.7559789752960204,
      1.7491652536392213,
      1.722375864982605,
      1.7104024219512939,
      1.696221752166748,
      1.6812180662155152,
      1.6609064722061158,
      1.6395355939865113,
      1.6314008235931396,
      1.6123993587493897,
      1.5973789644241334,
      1.5867331838607788,
      1.5628282594680787,
      1.5508125638961792,
      1.5338806772232056,
      1.5213579082489013,
      1.499554762840271,
      1.4837649965286255,
      1.470560941696167,
      1.4547495126724244,
      1.4420086717605591,
      1.4268938732147216,
      1.403001194000244
    ],
    "task_loss": [
      2.3709768772125246,
      2.3642629528045656,
      2.3499265766143798,
      2.3670280838012694,
      2.3332447147369386,
      2.3315975666046143,
      2.3471506881713866,
      2.3308684635162353,
      2.3425540637969973,
      2.327436923980713,
      2.3322821712493895,
      2.334176607131958,
      2.3349563694000244,
      2.328300657272339,
      2.320025072097778,
      2.3305009460449218,
      2.3255087184906005,
      2.3262077140808106,
      2.333335132598877,
      2.320896520614624,
      2.3260816764831542,
      2.3239326763153074,
      2.3284874725341798,
      2.318782730102539,
      2.318274736404419,
      2.3218715000152588,
      2.3213440704345705,
      2.3257480335235594,
      2.326352367401123,
      2.3125483703613283
    ],
    "distill_loss": [
      0.1803770349919796,
      0.01241930270101875,
      0.0014208435290493072,
      0.000878701435867697,
      0.0007712848501978442,
      0.0006410771710216068,
      0.0006053528081974946,
      0.00039599776384420694,
      0.00037962277681799603,
      0.0004532841927721165,
      0.0003727263872860931,
      0.0003079648477432784,
      0.00027453529270133004,
      0.0002788497085566632,
      0.0002651280979625881,
      0.00025101176390307956,
      0.00022580020922760013,
      0.00023274086299352348,
      0.00029675644953385926,
      0.00040247909928439187,
      0.00039177057915367185,
      0.00035429558512987567,
      0.00032225876057054845,
      0.00029731935472227634,
      0.0002661508027813397,
      0.00015883909829426558,
      0.00014837715789326467,
      0.00016025948927563148,
      0.00022462223023467232,
      0.00018803402563207782
    ],
    "adversarial_loss": [
      0.5158087086677551,
      0.03601591727696359,
      0.0005514768587454455,
      3.890115250158033e-06,
      5.990278729939291e-08,
      1.3411047810052424e-08,
      1.1399391866007136e-08,
      1.0579828586543271e-08,
      8.717181252393403e-09,
      5.1409008783309676e-09,
      1.393259012161252e-08,
      5.7369477168833786e-09,
      8.270145706035236e-09,
      7.003552688900072e-09,
      3.0547383644830007e-09,
      3.725290653733282e-09,
      2.384185915360604e-09,
      3.5017732535891356e-09,
      1.8850071672460446e-08,
      3.576280285244593e-09,
      2.8312223321336205e-09,
      2.0116569743322542e-09,
      4.5448573970929825e-09,
      8.940696716308593e-10,
      2.2351743211856956e-09,
      2.7567153537688683e-09,
      1.937151061781606e-09,
      3.5762793260118997e-09,
      2.2351743922399693e-09,
      1.6391278023775158e-09
    ],
    "relevance_scores": [
      0.4969197463989258,
      0.49706881880760195,
      0.49739294409751894,
      0.4970980203151703,
      0.4969936394691467,
      0.4966450357437134,
      0.4967675805091858,
      0.4975071394443512,
      0.4972222006320953,
      0.4965903317928314,
      0.4969370806217194,
      0.4973029053211212,
      0.49714285612106324,
      0.4971024107933044,
      0.497203129529953,
      0.4974921834468842,
      0.497188503742218,
      0.4977626597881317,
      0.4969451606273651,
      0.49715747237205504,
      0.4967167007923126,
      0.4975645112991333,
      0.4967439103126526,
      0.4962907612323761,
      0.49654080629348757,
      0.49739459753036497,
      0.49663888454437255,
      0.49681822896003724,
      0.4964099895954132,
      0.49687580943107607
    ],
    "quality_scores": [
      0.5037305879592896,
      0.5030443751811982,
      0.5030238735675812,
      0.502016818523407,
      0.5039436316490173,
      0.5039615201950073,
      0.5022247803211212,
      0.5029737567901611,
      0.5025044977664948,
      0.5029454052448272,
      0.5033432149887085,
      0.5027595019340515,
      0.5033266639709473,
      0.5026290452480316,
      0.502432508468628,
      0.5024390125274658,
      0.50298987865448,
      0.5033098471164703,
      0.5026930630207062,
      0.503187392950058,
      0.5033806908130646,
      0.5034366524219513,
      0.5035574924945831,
      0.5022960579395295,
      0.5041068077087403,
      0.5028883564472199,
      0.5026637554168701,
      0.501912122964859,
      0.5032974886894226,
      0.5031689238548279
    ],
    "knowledge_utilization": [
      0.0,
      0.0,
      0.0,
      0.0,
      0.0,
      0.0,
      0.0,
      0.0,
      0.0,
      0.0,
      0.0,
      0.0,
      0.0,
      0.0,
      0.0,
      0.0,
      0.0,
      0.0,
      0.0,
      0.0,
      0.0,
      0.0,
      0.0,
      0.0,
      0.0,
      0.0,
      0.0,
      0.0,
      0.0,
      0.0
    ],
    "feature_quality": [
      0.38851488798856737,
      0.034542483370751144,
      0.0005503873911948176,
      3.891023812343519e-06,
      6.336264783968204e-08,
      1.6399040845271883e-08,
      1.355594514862446e-08,
      1.254874214762225e-08,
      1.0719509759837819e-08,
      6.820615574554268e-09,
      1.6298616429821776e-08,
      7.536720101342099e-09,
      9.51099490720253e-09,
      8.14896366607698e-09,
      4.275189284808079e-09,
      5.02480669739569e-09,
      3.438765947549882e-09,
      4.515778426750216e-09,
      1.981097014880362e-08,
      4.4649462399570794e-09,
      3.5730204883677175e-09,
      2.9392495703994824e-09,
      5.459493576109864e-09,
      1.5843622619415855e-09,
      3.1190820137805277e-09,
      3.8203757846133614e-09,
      2.9290109770929716e-09,
      4.4945062704915274e-09,
      3.147840295092408e-09,
      2.598517933050104e-09
    ],
    "accuracy": [
      0.105,
      0.105,
      0.09125,
      0.0925,
      0.12125,
      0.11125,
      0.0875,
      0.09875,
      0.09,
      0.09625,
      0.0975,
      0.11125,
      0.10625,
      0.105,
      0.11,
      0.09375,
      0.10125,
      0.105,
      0.10875,
      0.105,
      0.0825,
      0.09625,
      0.095,
      0.11375,
      0.11875,
      0.105,
      0.12,
      0.08875,
      0.09875,
      0.10625
    ],