{
  "timestamp": "20250915_013807",
  "config": {
    "model": {
      "teacher_dim": 256,
      "student_dim": 128,
      "hidden_dim": 64,
      "num_classes": 10
    },
    "training": {
      "total_epochs": 30,
      "warmup_epochs": 8,
      "learning_rate": 0.001,
      "batch_size": 32,
      "num_batches": 25
    },
    "distillation": {
      "initial_task_weight": 0.8,
      "final_task_weight": 0.6,
      "initial_distill_weight": 0.1,
      "final_distill_weight": 0.3,
      "adversarial_weight": 0.1,
      "relevance_threshold": 0.6,
      "quality_threshold": 0.7
    }
  },
  "training_history": {
    "total_loss": [
      1.933068208694458,
      1.8724208927154542,
      1.8456687116622925,
      1.828645601272583,
      1.8175080299377442,
      1.8022681283950805,
      1.7803144073486328,
      1.7582301855087281,
      1.7470636415481566,
      1.7320866298675537,
      1.7133162546157836,
      1.68994797706604,
      1.6845564031600953,
      1.6646166133880616,
      1.6510603284835816,
      1.6253897762298584,
      1.6157990598678589,
      1.5998166847229003,
      1.5779487085342407,
      1.5718290615081787,
      1.552382502555847,
      1.5267027378082276,
      1.5175048780441285,
      1.5082906532287597,
      1.4895910453796386,
      1.4701973247528075,
      1.4594051265716552,
      1.4373911380767823,
      1.421678867340088,
      1.413983941078186
    ],
    "task_loss": [
      2.3356801319122313,
      2.3555393028259277,
      2.3459319114685058,
      2.3442315292358398,
      2.3500723361968996,
      2.3506948947906494,
      2.3424274253845216,
      2.3338477325439455,
      2.3397371196746826,
      2.340586280822754,
      2.3362739944458006,
      2.3255353355407715,
      2.339581298828125,
      2.333492479324341,
      2.336318168640137,
      2.321909246444702,
      2.3303910064697266,
      2.3297442054748534,
      2.3204000854492186,
      2.3343045711517334,
      2.3285051918029787,
      2.313117895126343,
      2.3226250648498534,
      2.3322997093200684,
      2.327374973297119,
      2.32127592086792,
      2.3287203693389893,
      2.3183045196533203,
      2.31785626411438,
      2.3306854438781737
    ],
    "distill_loss": [
      0.1894666637480259,
      0.009574207467958331,
      0.0015060539625119417,
      0.0012068906344939023,
      0.0009378892416134477,
      0.0005156309372978285,
      0.0004969349395832979,
      0.0004424834332894534,
      0.0003906887336052023,
      0.00032978884686599483,
      0.0002917122449434828,
      0.0003398773155640811,
      0.00032111304739373736,
      0.00031440341233974323,
      0.00032173386454815045,
      0.0002666577334457543,
      0.00029666334405192173,
      0.00027645048045087605,
      0.00034833472236641685,
      0.0002821149834198877,
      0.00019576289436372461,
      0.00018685344170080498,
      0.0002293174178339541,
      0.0002771425174432807,
      0.00027340937449480405,
      0.00020972648213501087,
      0.0002696095065039117,
      0.0001512120114057325,
      0.00021039403560280334,
      0.00011837470483442303
    ],
    "adversarial_loss": [
      0.45577403366565705,
      0.026717572058551013,
      0.0003151154312217841,
      2.5188873920001242e-06,
      5.774214139719902e-08,
      1.4826667769085588e-08,
      1.7136383583249426e-08,
      6.034971988810867e-09,
      1.4454141386011087e-08,
      1.750895650687312e-08,
      9.164220777790888e-09,
      3.0547384355372744e-09,
      5.8859617801942934e-09,
      1.3262088103260794e-08,
      8.270160645196256e-09,
      2.0861631000457236e-09,
      3.1292443480879228e-09,
      3.054738080265906e-09,
      7.823113747917886e-09,
      6.183990421959607e-09,
      3.501773306879841e-09,
      2.0787267800415065e-08,
      2.1606685685071625e-09,
      1.8626451669945254e-09,
      2.756715069551774e-09,
      1.7136336438738908e-09,
      2.60770331550475e-09,
      1.1175870895385742e-09,
      5.513433922743616e-09,
      4.0233452871518697e-08
    ],
    "relevance_scores": [
      0.5007039952278137,
      0.500447405576706,
      0.4994905352592468,
      0.49967931032180785,
      0.4994575297832489,
      0.5001978039741516,
      0.5005617368221283,
      0.5003319680690765,
      0.5001886820793152,
      0.4999148976802826,
      0.5000883185863495,
      0.5007421660423279,
      0.500235904455185,
      0.4997305083274841,
      0.5000141513347626,
      0.500173624753952,
      0.4995224452018738,
      0.4998845422267914,
      0.49979915618896487,
      0.5000927591323853,
      0.5000917327404022,
      0.500563645362854,
      0.5002008497714996,
      0.49947892665863036,
      0.4991310453414917,
      0.49958276987075806,
      0.49935722947120664,
      0.5000088822841644,
      0.5003179061412811,
      0.5002415490150451
    ],
    "quality_scores": [
      0.4973668420314789,
      0.4967226529121399,
      0.49753854870796205,
      0.498032203912735,
      0.4969645047187805,
      0.4982366394996643,
      0.497237948179245,
      0.49696019649505613,
      0.49740416526794434,
      0.4978914940357208,
      0.49623063921928406,
      0.49745810389518735,
      0.49660431265830995,
      0.4969535315036774,
      0.49705794334411624,
      0.49638409972190856,
      0.4978912258148193,
      0.4967475211620331,
      0.49651712298393247,
      0.49676755666732786,
      0.4971724164485931,
      0.4969800746440887,
      0.4981159949302673,
      0.49672539591789244,
      0.4967209553718567,
      0.49688839197158813,
      0.497575443983078,
      0.4977959108352661,
      0.4970438325405121,
      0.49686073541641235
    ],
    "knowledge_utilization": [
      0.0,
      0.0,
      0.0,
      0.0,
      0.0,
      0.0,
      0.0,
      0.0,
      0.0,
      0.0,
      0.0,
      0.0,
      0.0,
      0.0,
      0.0,
      0.0,
      0.0,
      0.0,
      0.0,
      0.0,
      0.0,
      0.0,
      0.0,
      0.0,
      0.0,
      0.0,
      0.0,
      0.0,
      0.0,
      0.0
    ],
    "feature_quality": [
      0.3505459377169609,
      0.025833943299949168,
      0.0003147857846488478,
      2.52133539831334e-06,
      6.03968444146119e-08,
      1.684274294255772e-08,
      1.848862096753834e-08,
      6.88743117871482e-09,
      1.563808932569799e-08,
      1.843239092691462e-08,
      1.0314453663395894e-08,
      3.85493531984693e-09,
      6.483519754407751e-09,
      1.3750143841029239e-08,
      8.761606557494695e-09,
      2.705171485706259e-09,
      3.952678923613284e-09,
      3.826091752312522e-09,
      8.523390849224377e-09,
      7.100295925654976e-09,
      4.249901627284558e-09,
      2.1652807801197937e-08,
      2.7845423500316714e-09,
      2.8380979677500305e-09,
      3.44321090195443e-09,
      2.3724135567171346e-09,
      3.224126465251054e-09,
      1.971910513764996e-09,
      6.543647332879488e-09,
      4.083887517269957e-08
    ],
    "accuracy": [
      0.105,
      0.105,
      0.1,
      0.10875,
      0.09,
      0.095,
      0.1225,
      0.1,
      0.12375,
      0.09,
      0.08625,
      0.1275,
      0.0925,
      0.09625,
      0.0975,
      0.09375,
      0.09625,
      0.09125,
      0.09875,
      0.095,
      0.08375,
      0.105,
      0.105,
      0.10125,
      0.09,
      0.095,
      0.08875,
      0.115,
      0.09125,
      0.09125
    ],